time	amplitude
0.0	-0.0
1.0	-0.715201982345859
2.0	-0.7815674988343009
3.0	-0.8401348615737778
4.0	-0.8918203777839147
5.0	-0.9374326857478462
6.0	-0.9776854062457505
7.0	-1.0132083074057547
8.0	-0.0
8.0	0.0
9.0	0.715201982345859
10.0	0.7815674988343009
11.0	0.8401348615737778
12.0	0.8918203777839147
13.0	0.9374326857478462
14.0	0.9776854062457505
15.0	1.0132083074057547
16.0	0.0
200.0	0.0
